uuid,Enlace,Marca,Nombre,Badge_Promocional,Descripci__n_del_Producto,Precio_Anterior,Precio_Actual,Categoria_1,Categoria_2,Categoria_3
23b38da3-2f76-45ac-9994-975ed92f097a,https://www.elpalaciodehierro.com/royal-canin-alimento-seco-para-perro-cachorro-razas-pequenas-1.14-kg-42429899.html?cid=109,Royal Canin,"Alimento Seco para Perro Cachorro Razas Pequeñas, 1.14 Kg",,"Alimento Seco para Perro Cachorro Razas Pequeñas Royal Canin; Alimento para cachorros de raza pequeña desde las 8 semanas hasta los 10 meses de edad. Mientras crece, su cachorro experimenta grandes cambios y nuevos descubrimientos. Durante este periodo clave, el sistema inmunológico del cachorro sigue desarrollándose. Este alimento ayuda a reforzar las defensas naturales de su cachorro gracias a un exclusivo complejo de antioxidantes, incluyendo vitamina E. Formulado con proteínas de alta calidad (L.I.P.), además de prebióticos para favorecer la salud digestiva y el equilibrio de la flora intestinal, contribuyendo así a la buena calidad de las heces. Formulado para satisfacer el apetito caprichoso y las elevadas necesidades energéticas de los cachorros de razas pequeñas durante el periodo de crecimiento.",405.0,364.5,mascotas,,
6dab3747-e092-4001-bedd-86e2c32c4df3,https://www.elpalaciodehierro.com/assouline-paris-chic-41327992.html?cid=110,Assouline,Paris Chic,,"Oliver Pilcher, ""Paris Chic""; París es la ciudad de la elegancia y, como tal, su estilo innato brilla en toda la ciudad, incluso en los espacios más simples. Bistros y callejuelas pintorescas, estudios de artistas y personajes únicos se elevan como una pintura de género moderno cuando se ambientan en París. Desde patinadores hasta anticuarios, este volumen echa un vistazo a la vida parisina, como si mirara por el borde del balcón su propio pied-a-terre. En colaboración, la autora Alexandra Senes y el fotógrafo Oliver Pilcher abren las puertas de algunas de las casas más sofisticadas de París, compartiendo un retrato íntimo de varias familias. Los momentos tranquilos y cotidianos de la vida parisina se eternizan a través de la lente de Pilcher. Los monumentos no hacen una ciudad; la gente lo hace.",2950.0,2507.5,libros,,
14a730b0-daa3-4458-81c0-555f9f570a71,https://www.elpalaciodehierro.com/nautica-toalla-de-medio-bano-mainsheet-rojo-41237868.html?cid=10800901,Nautica,Toalla de Medio Baño Mainsheet Rojo,,"Toalla Nautica de medio baño confeccionada en algodón color rojo, suave al tacto y super absorbente, con logotipo de la marca estampado sobre la cenefa.",785.0,471.0,hogar,bano,toallas-de-bano
15a61b42-d5bb-40e7-8378-a84b04607d69,https://www.elpalaciodehierro.com/nautica-set-6-toallas-belle-heaven-gris-42445968.html?cid=10800904,Nautica,Set 6 Toallas Belle Heaven Gris,,Set de toallas Nautica Belle Heaven confeccionado en algodón color gris con acabado afelpado. Incluye:• 2 Toallas faciales 33 x 33 cm• 2 Toallas de mano Pullman 41 x 66 cm• 2 Toallas de medio baño 137 x 76 cmInstrucciones de cuidado:• Lavar a máquina con prendas de colores similares y antes del primer uso con agua fría a 30°C• Lavar con detergente suave en ciclo delicado• No usar blanqueador• Secar a máquina a baja temperatura• No planchar• No lavar en seco.,2599.0,1559.4,hogar,bano,accesorios-de-bano
e96555ff-6f0b-4d45-a92d-e6a899e0e5ce,https://www.elpalaciodehierro.com/bovi-funda-para-duvet-king-size-gris-41755950.html?cid=10800808,Bovi,Funda para Duvet King Size Gris,,Funda para Duvet King Size Bovi confeccionado en algodón con pequeñas barras bordadas. Instrucciones de cuidado:• Lavar a máquina a 40 °C con detergente• No usar blanqueador• Secadora a temperatura baja• Planchar máximo a 150 °C• No lavar en secoTodos los artículos adicionales que se muestran en las imágenes se venden por separado.Cama Matrimonial Marca Ilò Modelo Block.,5999.0,1799.7,hogar,blancos,accesorios-de-cama
664ab935-8612-472f-b2a8-e8ab551488b0,https://www.elpalaciodehierro.com/villeroy-boch-set-de-4-cubiertos-newwave-18876860.html?cid=10800605,Villeroy & Boch,Set de 4 Cubiertos NewWave,,Set Villeroy & Boch NewWave con cubiertos elaborados en metal plateado.,3375.0,3037.5,hogar,mesa-bar,cuberteria
8546b072-8ebb-43b5-8c5c-93debd0f8fe4,https://www.elpalaciodehierro.com/professional-gourmet-jarra-arc-traslucida-41520105.html?cid=10800606,Professional Gourmet,Jarra Arc Traslúcida,,Jarra Professional Gourmet Arc elaborada en vidrio traslúcido con forma de trapecio y mango en costado.,149.0,111.75,hogar,mesa-bar,servicio
2ea0f491-2938-48b6-9090-634d32bf462b,https://www.elpalaciodehierro.com/frenluxe-cojin-decorativo-amarillo-mostaza-41024600.html?cid=10801205,Frenluxe,Cojín decorativo amarillo mostaza,,"Cojín decorativo Palacio de Hierro confeccionado en textil con microdiseño de rayas.• Lavar en lavadora, ciclo delicado con agua fría• No usar cloro• Secar colgado a la sombra• No usar suavizante",1229.0,737.4,hogar,decoracion,cojines-decorativos
a67738b1-3e88-4406-bdeb-4d2c670cef2e,https://www.elpalaciodehierro.com/baccarat-candelabro-harcourt-my-fire-en-cristal-40607593.html?cid=10801212,Baccarat,Candelabro Harcourt My Fire en cristal,,"Candelabro Baccarat Harcourt My Fire elaborado en cristal. Con el candelabro Harcourt My Fire, Philippe Starck ha revisado los códigos del icónico Our Fire de Baccarat. El mismo toque fantasioso en una nueva composición. Colocado en un tono claro transparente, una copa roja Harcourt ahora sirve como un votivo. Filtrada por cristal mágico, la vela crea una atmósfera encantadora. Una pieza de colección para todos los amantes del diseño creativo.Encuentra este producto en Casa Palacio Antara y Casa Palacio Santa Fe.",33200.0,29880.0,hogar,decoracion,articulos-decorativos-lujo
b4e1ec6c-c618-4099-93b0-f8b262c38e1c,https://www.elpalaciodehierro.com/veroo-arreglo-floral-de-hortensias-artificial-40969619.html?cid=10801208,Veroo,"Arreglo floral de hortensias, artificial",,Arreglo floral artificial de hortensias Veroo en florero de cristal.,2719.0,2175.2,hogar,decoracion,plantas-flores
be685809-417b-4897-9bb9-cf54f9120448,https://www.elpalaciodehierro.com/bazhars-tapete-decorativo-flow-negro-beige-230x160cm-41824099.html?cid=10801204,Bazhars,"Tapete Decorativo Flow Negro, Beige 230x160cm",,Tapete Decorativo Bazhars Flow elaborado en material sintético color negro con beige y diseño de rombos.,7530.0,5271.0,hogar,decoracion,tapetes
c867e861-5932-4283-b4b3-6e52b7109c5a,https://www.elpalaciodehierro.com/umbra-espejo-multiusos-cubiko-en-acero-rectangular-41449314.html?cid=10801203,Umbra,Espejo Multiusos Cubiko en acero Rectangular,,Espejo Multiusos Umbra Cubiko elaborado en acero color negro con función añadida de estante y perchero. Una de las mejores soluciones para espacios pequeños es tomar elementos cotidianos comunes y maximizar su potencial agregando almacenamiento adicional.,1510.0,906.0,hogar,decoracion,espejos-decoracion-de-pared
8a81c190-dacb-49c7-b7b9-26318a5baf28,https://www.elpalaciodehierro.com/bek-columpio-colgante-doble-41645830.html?cid=10801301,Bek,Columpio colgante doble,,"Columpio colgante doble Bek; Cómodo diseño de vanguardia para tu terraza, jardín o patio. Cuenta con estructura de aluminio y terminado con materiales repelentes al exterior. Incluye cojinería repelente al agua con cierre para su fácil lavado; cuerda gruesa y resistente para colgar.",41490.0,29043.0,hogar,terraza-jardin,muebles
45cb8eed-5d05-4a56-bf12-2f16d153a936,https://www.elpalaciodehierro.com/wolf-joyero-zoe-large-jewelry-mink-42261486.html?cid=10801001,Wolf,Joyero Zoe Large Jewelry Mink,,"Joyero Wolf Zoe Large Jewelry Mink; De cara fresca y divertida, Zoe es sofisticada pero juguetona. El cuerpo de visón suave de la caja grande altamente bordado con diseños florales clásicos es tan hermoso como sus accesorios en el interior.",21700.0,18445.0,hogar,organizacion-limpieza,closet
75a1685f-3f8c-4d57-a815-ad774d0700d8,https://www.elpalaciodehierro.com/teka-horno-electrico-steakmaster-23.5-en-acero-inoxidable-40934355.html?cid=10800302,Teka,"Horno Eléctrico Steakmaster 23.5"" en Acero Inoxidable",Regalo en compra,"Horno Eléctrico Teka Steakmaster 23.5""; Cuenta con tecnología exclusiva SteakGrill (700º) para preparar carne como en una barbacoa. Cocina chuletón, solomillo, entrecot o hamburguesas a la parrilla en solo unos minutos. Parrilla de hierro fundido especial para preparar carnes a la brasa. 20 programas automáticos especiales para carne. Sistema de Limpieza DualClean con Pirólisis + Hydroclean PRO.",53499.0,31564.41,hogar,linea-blanca,hornos
b1e50206-b990-4f83-8389-e5b45da9c159,https://www.elpalaciodehierro.com/urban-republic-life-styles-pie-de-arbol-villa-en-tela-43049233.html?cid=12300102,Urban Republic Life Styles,Pie de árbol Villa en tela,Solo en El Palacio,Pie de árbol Urban Republic Life Styles de la colección Villa confeccionado en tela con un hermoso diseño alusivo a la colección bordado a contraste.,2359.0,1769.25,temporada,navidad,decoracion-navidena
68e0cb89-32b8-40b7-b287-b2800e426ef4,https://www.elpalaciodehierro.com/frigidaire-enfriador-de-bebidas-fryb4623as-4.6-p3-43151972.html?cid=10800310,Frigidaire,Enfriador de bebidas FRYB4623AS 4.6 p3,Solo en El Palacio,"Enfriador de bebidas Frigidaire FRYB4623AS 4.6 p3, elaborado en acero inoxidable; Enfriador de bebidas con capacidad de 4.6 pies cúbicos, con cerradura la llave se expulsa automáticamente después de bloquear la puerta para que no la deje en la puerta, su control electrónico de temperatura de precisión tiene pantalla digital LED. Establezca la temperatura entre 33 y 50 grados centígrados y el enfriador mantendrá la temperatura con precisión. Opción de apertura de puerta reversible de acero inoxidable con ventana polarizada. Seguro para niños: Sí. Funciones especiales: Rango de temperatura de 0.5° a 10 °C. Características: Cerradura con 2 llaves. Cristal entintado en puerta. Bajo nivel de ruido.Panel de control: Digital.",23499.0,16449.3,hogar,linea-blanca,frigobares
ccf53c23-9d86-410d-bbad-b3ceee2a88df,https://www.elpalaciodehierro.com/electrolux-lavavajillas-8-servicios-41618444.html?cid=10800305,Electrolux,Lavavajillas 8 Servicios,Solo en El Palacio,Lavavajillas Electrolux para 8 servicios de libre instalación con acabado en espejo e interior de acero inoxidable; su diseño único y compacto evitará problemas de espacio. Sus 6 programas lavan vajillas delicadas hasta muy sucias con ayuda de sus 2 aspersores; tiene una canastilla de cubiertos muy práctica y un triple filtro que asegura una limpieza eficiente.,22199.0,13985.37,hogar,linea-blanca,lavavajillas
ce777ceb-b3c0-48ff-9617-93dbd9a5d2b1,https://www.elpalaciodehierro.com/electrolux-estufa-de-piso-gas-76dxr-30-42506321.html?cid=10800303,Electrolux,Estufa de Piso Gas 76DXR 30'',Solo en El Palacio,"Estufa de piso Electrolux 76DXR de gas 30''; cubierta de acero inoxidable con 5 parrillas, capelo desmontable y dos hornos que tienen función corta gas, sus jaladeras de aluminio dan un toque moderno a tu cocina. En su horno grande un grill que dora, dora y gratina tus platillos.",42599.0,23855.44,hogar,linea-blanca,estufas-parrillas
27676668-73ff-4ef4-bc42-ea8296fd72dc,https://www.elpalaciodehierro.com/original-penguin-tapete-de-bano-pete-silo-61x43cm-41712377.html?cid=10800905,Original Penguin,Tapete de Baño Pete Silo 61x43cm,ULTIMA OPORTUNIDAD,Tapete de baño Original Penguin Pete Silo confeccionado en algodón en tejido rizo con diseño de la marca a tono. Instrucciones de cuidado:• Lavar por separado en máquina con agua fría a 30 °C en ciclo delicado• Usar detergente suave• No usar blanqueador• Secar colgado a la sombra o en máquina a baja temperatura• Retirar de inmediato• No planchar• No lavar en seco,599.0,419.3,hogar,bano,textiles-de-bano
6f18a192-f4db-4d33-b9e9-321899d369db,https://www.elpalaciodehierro.com/t-fal-freidora-de-aire-xxl-6.5-l-41885692.html?cid=10800407,T-fal,"Freidora de Aire XXL, 6.5 L",ULTIMA OPORTUNIDAD,"Freidora de Aire T-fal XXL; Cuenta con panel digital con 8 programas automáticos: papas fritas, pollo, pescado, panqué, carne, camarón, grill, pizza. Cocina hasta para 8 personas. Sistema innovador de canastilla antiadherente para un fácil lavado. Componentes aptos para el lavavajillas.",5099.0,4079.2,hogar,electrodomesticos,freidoras-electricas
8ba35efe-3310-4ea3-af01-d2f66108d979,https://www.elpalaciodehierro.com/samsonite-maleta-de-viaje-toiis-c-negra-42033892.html?cid=111,Samsonite,Maleta de viaje TOIIS C Negra,Meses Sin Intereses,"Maleta de viaje Samsonite TOIIS C elaborada en policarbonato color negro con líneas a tono, bastón retráctil, asa superior, compartimento principal de cierre, candado TSA y ruedas giratorias.• Altura de bastón: 55 cm.",6599.0,4619.3,mochilas-y-maletas-de-viaje,,
78571f36-4f5f-46c9-a39d-042e0163d5fd,https://www.elpalaciodehierro.com/serene-house-aceite-esencial-100-natural-de-eucalipto-15-ml-42521244.html?cid=10800902,Serene House,"Aceite Esencial 100% Natural de Eucalipto, 15 ml",Meses Sin Intereses,"Aceite esencial SERENE HOUSE Natural de Eucalipto; 100% Eucalipto(Eucalyptus globulus)Tonificante, purificante y limpiador• Métodos amigables con las plantas, control de plagas sin químicos y fertilizantes.• Sistemas estrictos de control de calidad para garantizar que cada botella sea pura, fresca y rastreable.• Todos los ACEITES ESENCIALES 100% NATURALES DE SERENE HOUSE se producen en todo el mundo.• Estamos dedicados a las prácticas de comercio justo y a mejorar la vida de los agricultores.• 100% puro y natural hasta la última gota.",299.0,254.15,hogar,bano,jabones-cremas-aceites
e3a46935-8208-45f5-b1ac-08c5a397fe29,https://www.elpalaciodehierro.com/lacrosse-difusor-de-fragancia-ocean-breeze-37096756.html?cid=10800903,Lacrosse,Difusor de Fragancia Ocean Breeze,Meses Sin Intereses,Difusor de fragancia lacrosse decor con exquisito aroma a brisa oceánica.,439.0,307.3,hogar,bano,ambientacion
f961d9be-e5d3-4473-abb4-f1144754bbcd,https://www.elpalaciodehierro.com/hamilton-beach-purificador-de-aire-compacto-para-mascotas-true-air-gris-40459738.html?cid=10800505,Hamilton Beach,Purificador de Aire Compacto para Mascotas True Air Gris,Meses Sin Intereses,"El purificador de aire compacto para mascotas True Aire de Hamilton Beach te brinda una protección completa si tienes mascotas, ya que tiene un rendimiento de limpieza grado HEPA al 99% en un diseño que se adapta a cualquier lugar. Elimina los molestos olores y la caspa de las mascotas con su tecnología de triple fijación del purificador de aire. Proporciona una limpieza de aire potente en habitaciones grandes de hasta 13 metros cuadrados, por lo que es ideal para dormitorios, oficinas y guaridas. Además de funcionar de modo silencioso con 3 velocidades, puedes colocarlo de forma vertical u horizontal para una mayor versatilidad. Incluye un prefiltro permanente que captura el pelo y las partículas grandes de las mascotas, 2 filtros de zeolita para detectar los olores de las mascotas y un filtro permanente de grado HEPA para capturar partículas pequeñas de hasta 3 micras como restos de ácaros del polvo en el aire, moho y polen.",2649.0,1854.3,hogar,clima,purificadores-de-aire
9cecb19d-3444-4149-9677-8d9d50d11056,https://www.elpalaciodehierro.com/violanti-sala-design-gris-oxford-42750292.html?cid=121006,Violanti,Sala Design Gris Oxford,Meses Sin Intereses,Sala Violanti Design elaborada en madera tapizada finamente por tela color gris Oxford con diseño capitoneado y mecanismo de bajo cama. Tela tipo terciopelo 100% lavable con un trapo semihúmedo.,42999.0,25799.4,outlet,hogar,
0cd652ef-0cc4-4593-880c-a56573136277,https://www.elpalaciodehierro.com/t-fal-olla-de-presion-clipso-perfect-plus-en-acero-inoxidable-7.5-l-41560080.html?cid=10800701,T-fal,Olla de Presión Clipso Perfect Plus en acero inoxidable 7.5 L,Meses Sin Intereses,"Olla de Presión T-fal Clipso elaborada en acero inoxidable color plata con asas abatibles a contraste con capacidad de 7.5 litros; Clipso hace tu vida más fácil: con solo una mano puedes abrir y cerrar la olla sin esfuerzo. Cocinar no solo es cómodo, sino también rápido y simple. Cuenta con programas de cocción.",8499.0,5949.3,hogar,cocina,ollas
1e482a9b-bc0b-454c-8b1d-d14c6b60d79b,https://www.elpalaciodehierro.com/babyliss-combo-recortadora-perfiladora-trimmer-lo-profx-43348355.html?cid=10800708,BaByliss,Combo Recortadora + Perfiladora trimmer LO-PROFX,Meses Sin Intereses,"Combo BaByliss con recortadora O-PROFX Black que cuenta con una cubierta protectora metálica de perfil ultrabajo y una carcasa de agarre ergonómico. Funciona con un motor sin escobillas de alto rendimiento de 6800 RPM con una batería de iones de litio de 3300 mAh de alta capacidad.Perfiladora trimmer con cuchilla T de dientes profundos, ajustable a cero.",4499.0,3599.2,hogar,cocina,reposteria
3ffb0d4f-0ba7-4b19-b33a-df3bb68911ff,https://www.elpalaciodehierro.com/wmf-set-de-bateria-4-piezas-39299694.html?cid=10800704,Wmf,Set de Batería 4 Piezas,Meses Sin Intereses,"Batería WMF de la línea Functional fusion color negro; excelente conductividad térmica, fácil de limpiar y cuidar. Muy buena conductividad térmica, fuerte y amplio borde anti derrame para el vertido sin goteo.",26990.0,18893.0,hogar,cocina,baterias-cocina
6c65202c-16ff-4c51-827b-54b41462d9e2,https://www.elpalaciodehierro.com/true-carrito-de-servicio-para-bar-dorado-41139613.html?cid=10800709,True,Carrito de Servicio para Bar Dorado,Meses Sin Intereses,"Carrito de Servicio para Bar True Dorado; Su servicio de bar merece ser exhibido con un estilo elegante. Construido en acero inoxidable terminado con chapa de oro pulido, el carrito de bar de Viski logra exactamente eso. Las ruedas con revestimiento de goma facilitan el servicio, mientras que los estantes de doble espejo reflejan las herramientas de la barra, la cristalería y los licores que se encuentran en cada nivel. Estantes con espejo de dos niveles. Acero inoxidable chapado en oro. Ruedas de acero inoxidable y PVC. Manijas dobles.",11975.0,9580.0,hogar,cocina,almacenamiento-organizacion
7b360efc-03b8-487e-9bf7-8d6f74b2bd37,https://www.elpalaciodehierro.com/t-fal-set-2-sartenes-en-titanio-cocina-y-limpia-facil-42249092.html?cid=10800705,T-fal,Set 2 sartenes en titanio Cocina y Limpia Fácil,Meses Sin Intereses,"Set de sartenes T-fal elaborados en titanio. Cuenta con sellado perfecto, antiadherente resistente y cocción homogénea. Con resultados perfectos al momento de cocinar.",1399.0,979.3,hogar,cocina,sartenes
c1d8abe1-1209-4ffc-a189-152b9d27d2ae,https://www.elpalaciodehierro.com/zwilling-j.-a.-henckels-set-2-tazas-para-cafe-sorrento-plus-38719624.html?cid=10800710,Zwilling J. A. Henckels,Set 2 Tazas para Café Sorrento Plus,Meses Sin Intereses,Set Zwilling J.A. Henckels de tazas elaborado en vidrio de borosilicato hecho a mano con asa curva. Mantiene durante más tiempo las bebidas calientes y las frías. Adecuado para lavavajillas.,1300.0,910.0,hogar,cocina,cafe-te
e1bb5999-3523-4836-853c-d5b01a08f119,https://www.elpalaciodehierro.com/w%C3%BCsthof-set-de-cuchillos-6-piezas-38519493.html?cid=10800706,Wüsthof,Set de Cuchillos 6 piezas,Meses Sin Intereses,"Set de cuchillos Wüsthof elaborado en acero con mango color rojo, hoja dentada 10 CM y punta afilada. Ideal para para pizza y carne. La hoja super afilada lo convierte en un excelente cuchillo para cortar los chuletones; un accesorio indispensable para todos los platos de carne.",1790.0,1342.5,hogar,cocina,cuchillos
f1f6b1a9-8b44-4bfb-b855-aee22e44d252,https://www.elpalaciodehierro.com/bow-tique-delantal-con-mariposas-y-pajaros-41030766.html?cid=10800707,Bow-Tique,Delantal con mariposas y pájaros,Meses Sin Intereses,Delantal Bow-Tique confeccionado en algodón color blanco con diseño de mariposas y pájaros; bolsillo al frente.,499.0,374.25,hogar,cocina,utensilios-de-cocina
2f9dd0fa-af7d-4ad4-a3e4-4cf2be3f1e4c,https://www.elpalaciodehierro.com/dalfiori-juego-de-colcha-king-size-seymour-blanco-41388785.html?cid=10800806,Dalfiori,Juego de Colcha King Size Seymour Blanco,Meses Sin Intereses,Juego de Colcha King Size Dalfiori Seymour confeccionada en microfibra de poliéster color blanco con textura acolchada.,2499.0,1749.3,hogar,blancos,cobertores-cobijas-y-frazadas
4ed5ccef-ea74-47e6-a6c2-854a957b0d45,https://www.elpalaciodehierro.com/lauren-ralph-lauren-juego-de-edredon-matrimonial-queen-size-en-algodon-shelbourne-blanco-43250304.html?cid=10800804,Lauren Ralph Lauren,"Juego de Edredón Matrimonial, Queen Size en algodón Shelbourne blanco",Meses Sin Intereses,"Juego de Edredón Matrimonial / Queen Size Lauren Ralph Lauren Shelbourne, confeccionado en algodón color blanco don detalles a contraste. El satén de algodón con 300 hilos le da una mano suave y un brillo sutil a este moderno conjunto de edredones, que se presenta en una paleta nítida de color azul marino y blanco con un estampado pictórico en espiga.",8680.0,6944.0,hogar,blancos,edredones-duvets
8f0dc4bc-a5ce-4731-830f-766e36cd2f15,https://www.elpalaciodehierro.com/chester-peck-cojin-decorativo-velvet-azul-marino-42831700.html?cid=10800802,Chester & Peck,Cojín Decorativo Velvet Azul Marino,Meses Sin Intereses,Cojín decorativo Chester & Peck Velvet confeccionado en poliéster color azul marino con efecto entrelazado. Instrucciones de cuidado:• No lavar con otras tonalidades• Lavar en máquina en ciclo normal con agua fría 30°C• Utilizar detergente suave• No usar cloro ni blanqueadores• No exprimir• Secar en máquina a temperatura baja• No planchar.,400.0,280.0,hogar,blancos,cojineria
a95b0fcf-a3d2-4d4a-9db8-45f6c5f68cd2,https://www.elpalaciodehierro.com/dalfiori-juego-de-sabanas-king-size-en-algodon-tarento-blanco-30524578.html?cid=10800801,Dalfiori,Juego de Sábanas King Size en algodón Tarento Blanco,Meses Sin Intereses,"Juego de sábanas Dalfiori Tarento king size confeccionado en suave algodón satinado color blanco de 300 hilos, para colchones de hasta 40 cm de altura.Todos los artículos adicionales que se muestran en las imágenes se venden por separado.Cama Matrimonial Marca Ilò Modelo Block.",3399.0,2379.3,hogar,blancos,sabanas
cdc9fc6d-eefe-4be8-8448-7d5f38d15ed8,https://www.elpalaciodehierro.com/luuna-almohada-carbon-activado-estandar-gris-42057748.html?cid=10800805,Luuna,Almohada Carbón Activado Estándar Gris,Meses Sin Intereses,"Almohada Carbón Activado Estándar Luuna con tecnología Memory Foam confeccionada en poliéster; De origen vegetal con propiedades naturales, filtra las impurezas, regula la humedad y el olor para un descanso libre de toxinas.",1599.0,1279.2,hogar,blancos,almohadas-protectores
5a6457f9-1e7d-469f-aab6-ac2a6668850b,https://www.elpalaciodehierro.com/jafer-disenos-mesa-para-tv-grande-oslo-nogal-42316720.html?cid=10800107,Jafer Diseños,Mesa para TV Grande Oslo Nogal,Meses Sin Intereses,"Mesa para TV Jafer Diseños Grande Oslo Nogal; Mueble de TV en acabado en nogal que resalta la belleza de sus betas naturales. La combinación de las puertas con los entrepaños hace que tenga una gran capacidad de almacenamiento, tanto para contener artículos electrónicos como para la decoración y que junto a otras cosas hará que su hogar luzca al máximo.La cubierta superior del mueble aguanta hasta 150 Kg, siempre y cuando el peso este distribuido en toda ella.Este artículo requiere un armado sencillo. Incluye instructivo y componentes.",13990.0,9793.0,hogar,muebles,mesas
6615cb21-5d53-43e8-ac01-e8498d5f421a,https://www.elpalaciodehierro.com/four-hands-comoda-trey-en-madera-de-alamo-42378504.html?cid=10800109,Four Hands,Cómoda Trey en madera de álamo,Meses Sin Intereses,"Cómoda Four Hands Trey elaborada de madera de álamo con base de hierro y detalles de cuero; Inspirada en el diseño limpio de mediados de siglo, una elegante cómoda de álamo castaño ofrece mucho espacio de almacenamiento en el dormitorio gracias a cinco amplios cajones. Los tiradores de cuero con seguridad metálica agregan un elemento textural de sorpresa.",62590.0,43813.0,hogar,muebles,muebles-galerias
6a20608c-20d6-4f5e-b875-d2d33ae934ba,https://www.elpalaciodehierro.com/ashley-cama-queen-size-sucre-lino-en-madera-41501372.html?cid=10800104,Ashley,Cama Queen Size Sucre Lino en Madera,Meses Sin Intereses,Cama Queen Size Ashley Sucre Lino en Madera; Esta cama tamaño Queen Size SUCRE tapizada en forma de trineo es hogareña y llena de sofisticación. El acabado en formas enrolladas exageradas en la cabecera y el pie de cama hacen una declaración memorable. La tapicería en color lino le da textura que eleva la cama con un acabado capitonado.Características:Estructura de madera sintética con acabado capitonadoCabecero y pie de cama con capitonéTapicería en poliésterSe requiere ensamblajeRequiere box (tamaño americano); se vende por separadoEl colchón (tamaño americano) se vende por separado.,28890.0,20223.0,hogar,muebles,recamaras
7f1aba8b-908b-4754-bc48-c385f8eabde3,https://www.elpalaciodehierro.com/dixy-mesa-tintoreto-en-madera-cafe-43165006.html?cid=10800103,Dixy,Mesa Tintoreto en madera Café,Meses Sin Intereses,"Mesa Dixy Tintoreto elaborada de madera sólida de álamo con tablero de chapa de nogal color café; Mesa de Comedor Tintoretto rectangular elaborada con soportes en madera sólida de álamo americano color café claro con tableros en fina chapa de nogal acabado Terracota. Un sofisticado diseño y gran espacio se combinan en esta hermosa mesa, perfecta para comidas y cenas familiares. La calidad y resistencia están garantizadas ya que está fabricada con finos y duraderos materiales; controlados ecológicamente bajo los estándares más altos de calidad. Sin duda se convertirá en un imprescindible en tu espacio, ya que le dará ese gran toque de elegancia y vanguardia que todos apreciarán. Crea una perfecta armonía en tu ambiente complementándola con el Buffet y silla que también están disponibles de manera exclusiva en El Palacio de Hierro.Instrucciones de cuidado: Limpiar solo con trapo húmedo, no usar productos que contengan amoniaco, evitar derramar líquidos, evitar poner objetos calientes, no arrastrar el mobiliario y no exponer al sol directamente.",29990.0,20993.0,hogar,muebles,comedor
b865b0ff-6385-4806-ae01-4aed22897432,https://www.elpalaciodehierro.com/del-toro-silla-zenda-39458614.html?cid=10800102,Del Toro,Silla Zenda,Meses Sin Intereses,"Silla Del Toro; Es un modelo con un diseño sencillo, fresco y contemporáneo, cuenta con textil de alta calidad y madera poplar 100% en color Parota.Este artículo requiere un armado sencillo. Incluye instructivo y componentes. Contamos con servicio de armado a domicilio sin costo adicional. Una vez que recibas tu producto, puedes solicitarlo contactando a Soluciones Palacio: 55-2794-0668 o solucionespostventa@ph.com.mxLimitado a clientes que se encuentren en un radio de 30 kilómetros de una tienda Palacio de Hierro.",8490.0,5943.0,hogar,muebles,sillas-bancos
cb548a4c-e4f6-43e2-af15-9ba623a5cea1,https://www.elpalaciodehierro.com/jafer-disenos-mueble-para-tv-helsinki-en-mdf-42048156.html?cid=10800106,Jafer Diseños,Mueble para TV Helsinki en MDF,Meses Sin Intereses,"Mueble Jafer Diseños para TV Helsinki en MDF elaborado en MDF con chapado en nogal.Este artículo requiere un armado sencillo. Incluye instructivo y componentes. Contamos con servicio de armado a domicilio sin costo adicional. Una vez que recibas tu producto, puedes solicitarlo contactando a Soluciones Palacio: 55-2794-0668 o solucionespostventa@ph.com.mxLimitado a clientes que se encuentren en un radio de 30 kilómetros de una tienda Palacio de Hierro.",18490.0,12943.0,hogar,muebles,estantes-soportes-de-tv
cd3ebc2b-4555-4264-9656-f2e5812f5393,https://www.elpalaciodehierro.com/violanti-sala-design-gris-oxford-42750292.html?cid=10800101,Violanti,Sala Design Gris Oxford,Meses Sin Intereses,Sala Violanti Design elaborada en madera tapizada finamente por tela color gris Oxford con diseño capitoneado y mecanismo de bajo cama. Tela tipo terciopelo 100% lavable con un trapo semihúmedo.,42999.0,25799.4,hogar,muebles,salas
0650def1-82c0-48e1-9568-565f24e9b196,https://www.elpalaciodehierro.com/chilewich-mantel-individual-rectangular-15516345.html?cid=10800601,Chilewich,Mantel individual rectangular,Meses Sin Intereses,Mantel individual Chilewich rectangular tipo malla con hilos entrelazados semitransparentes y en acabado metalizado de estructura flexible.,589.0,441.75,hogar,mesa-bar,manteleria
4d6c73c5-06f1-43ca-991a-46addde47c88,https://www.elpalaciodehierro.com/tarhong-vaso-foundry-42985122.html?cid=10800603,Tarhong,Vaso Foundry,Meses Sin Intereses,Vaso Tarhong Foundry elaborado en melamina de efecto texturizado.,389.0,291.75,hogar,mesa-bar,vinos-cockteleria
52eb5d71-6c85-4996-8db9-16b08c048466,https://www.elpalaciodehierro.com/rcr-jarra-transparente-38383759.html?cid=10800602,Rcr,Jarra transparente,Meses Sin Intereses,"Jarra RCR elaborada en cristal, diseño traslúcido con detalles verticales y base gruesa.",939.0,704.25,hogar,mesa-bar,cristaleria
6768f0b1-ef62-4121-b49a-1038219d8b1d,https://www.elpalaciodehierro.com/salt-pepper-vajilla-12-piezas-hana-42185430.html?cid=10800604,Salt & Pepper,Vajilla 12 Piezas Hana,Meses Sin Intereses,Vajilla Salt & Pepper Hana elaborada en cerámica color negro con bordes a contraste.,3199.0,2239.3,hogar,mesa-bar,vajillas
d063fe80-a7e3-48df-8bda-ee7720a604f9,https://www.elpalaciodehierro.com/philippi-centro-de-mesa-cocoon-en-acero-inoxidable-42167318.html?cid=10800607,Philippi,Centro de Mesa Cocoon en acero inoxidable,Meses Sin Intereses,Centro de mesa Philippi Cocoon elaborado en acero inoxidable color plateado con forma oblonga.,3399.0,1699.5,hogar,mesa-bar,accesorios-de-mesa
42c668aa-3d82-4e2a-bcdd-065cafe54d6b,https://www.elpalaciodehierro.com/america-colchon-emporio-queen-size-41986319.html?cid=10800202,América,Colchón Emporio Queen Size,Meses Sin Intereses,"El modelo Emporio de Colchones América brinda una sensación de comodidad y soporte al dormir. Está creado con la tecnología Full Comfort, que distribuye el peso del cuerpo gracias a sus exclusivos resortes Micro Offset, y mantiene su forma gracias al refuerzo perimetral Body Frame. Además, cuenta con la tecnología Látex, una capa de espuma hipoalergénica que se adapta el cuerpo brindando una sensación de suavidad.",43699.0,17479.6,hogar,colchones,colchones-queen-size
6add048c-f542-4021-9534-eb2fabe94242,https://www.elpalaciodehierro.com/spring-air-colchon-callaghan-matrimonial-39657054.html?cid=10800204,Spring Air,Colchón Callaghan Matrimonial,Meses Sin Intereses,Colchón Spring Air Callaghan Matrimonial; El colchón Callaghan cuenta con un sistema de descanso back supporter el cual brinda mayor soporte en la zona lumbar.  Gracias a la concentración de resortes ayuda a reducir dolores principalmente de espalda baja y cadera. El Sistema inteligente de acojinamientos se amolda a la forma del cuerpo y permitirá mayor descanso ya que reduce los puntos de presión. Nivel de confort medio firme.,34799.0,12179.65,hogar,colchones,colchones-matrimonial
90810df5-bb8f-4d26-88ac-3a8d1d8d0e7d,https://www.elpalaciodehierro.com/sealy-colchon-king-size-owens-41233756.html?cid=10800201,Sealy,Colchón King Size Owens,Meses Sin Intereses,"Sealy Colchón King Size Owens; la tecnología exclusiva sin resortes de Sealy, trabaja con acojinamientos de alta densidad que se adaptan a cada parte del cuerpo, ofreciendo un mayor soporte. Bajo la cubierta Premium suave al tacto encontrará Sealy Cushion Foam, que proporciona máxima adaptación, disminuyendo los puntos de presión que se generan naturalmente al dormir y minimiza la transmisión de movimiento, de este modo será más rápido conciliar el sueño.",51739.0,20695.6,hogar,colchones,colchones-king-size
d8b05c2a-d354-474a-b73b-b8071a06cdee,https://www.elpalaciodehierro.com/america-colchon-emporio-individual-41986315.html?cid=10800203,América,Colchón Emporio Individual,Meses Sin Intereses,"Colchón América Emporio Individual; El modelo Emporio de Colchones América brinda una sensación de comodidad y soporte al dormir. Está creado con la tecnología Full Comfort, que distribuye el peso del cuerpo gracias a sus exclusivos resortes Micro Offset, y mantiene su forma gracias al refuerzo perimetral Body Frame. Además, cuenta con la tecnología Látex, una capa de espuma hipoalergénica que se adapta el cuerpo brindando una sensación de suavidad.",31149.0,12459.6,hogar,colchones,colchones-individual
eb2b87ee-d613-472d-9cbd-c0b83dd56c42,https://www.elpalaciodehierro.com/america-set-samara-jk-king-size-43280378.html?cid=10800205,América,Set Samara JK King Size,Meses Sin Intereses,"Set América Samara JK king size; Restaura tu postura con este colchón elaborado con nuestra tecnología de resortes Infinity que ofrece mayor soporte y estabilidad para tu espalda y zona lumbar, acompañado de una colchoneta Euro Top ergonómica generan un mayor nivel de confort al contacto con el cuerpo. Elaborado con telas antibacterial de alta calidad con tratamiento hipoalergénico y anti-ácaros, que mantienen fresco el colchón durante la noche. Además, su sistema Perfect Side está diseñado para no voltearse y evitar deformaciones. Tecnología Dual Flex (Tecnología de resortes continuos de acero templados al alto carbono, que distribuyen el peso de manera uniforme brindando mayor soporte y confort). Colchoneta Eurotop (Los colchones están creados con una cubierta superior, conectada directamente con el colchón que brinda mayor comodidad al dormir.Todos los artículos adicionales que se muestran en las imágenes se venden por separado.",14429.0,12986.1,hogar,colchones,boxes
3781a88f-0eb6-42c8-b74d-69165b7985ba,https://www.elpalaciodehierro.com/philippi-florero-solero-42167317.html?cid=10801201,Philippi,Florero Solero,Meses Sin Intereses,Florero Philippi Solero elaborado en metal con acabado tipo espejo y base rectangular a contraste.,4999.0,2499.5,hogar,decoracion,jarrones
ceda5363-0cef-4f85-8461-d0b6ef26d76b,https://www.elpalaciodehierro.com/nachtmann-cenicero-en-vidrio-38430765.html?cid=10801209,Nachtmann,Cenicero en vidrio,Meses Sin Intereses,Cenicero Nachtmann elaborado en vidrio con forma redonda.,2529.0,1770.3,hogar,decoracion,accesorios
fa21955f-931c-4026-8dca-76adc8aa4500,https://www.elpalaciodehierro.com/lacrosse-difusor-pure-oxygen-41538316.html?cid=10801202,Lacrosse,Difusor Pure Oxygen,Meses Sin Intereses,"Difusor lacrosse decor Pure Oxygen, 100 ml; El tiempo se detiene y el viento baila. Las notas de aldehídos y el acorde acuático evocan el abrazo de las nubes y el cielo. Una representación del viento que viaja y respira la Tierra con todos sus contrastes. Fresco, azul, vivificante. Caminos interminables hacia el horizonte.",439.0,351.2,hogar,decoracion,velas-aromatizantes
6f8286c8-756c-4617-971e-e2cfdc1401cc,https://www.elpalaciodehierro.com/class-lampara-colgante-estilo-candil-paula-110-v-43081160.html?cid=108011,Class,Lámpara Colgante estilo candil Paula 110 V,Meses Sin Intereses,Lámpara colgante Class Paula estilo candil elaborada en metal color dorado y negro con cristal transparente. Esta lámpara resulta ideal para adornar cualquier espacio de tu hogar. Intensidad de iluminación: 40 W.,8699.0,6089.3,hogar,iluminacion,
07830fe4-ec17-4790-ab83-edbac48033c6,https://www.elpalaciodehierro.com/ge-profile-campana-isla-acero-inoxidable-38554801.html?cid=10800304,GE Profile,Campana Isla Acero Inoxidable,Meses Sin Intereses,"Campana GE Profile tipo Isla color acero inoxidable con velocidad 800 y luz LED; la tecnología de alarma para el cambio de filtro te avisará cuando sea hora de reemplazarlo. La distancia mínima de seguridad entre la barra de la cocina y la campana debe ser de 650 mm (algunos modelos pueden ser instalados a una altura más baja), antes de efectuar cualquier operación de mantenimiento, apague o desconecte la campana de la red eléctrica. Si el cordón de alimentación está dañado, este debe de ser reemplazado por el fabricante, el agente de servicio o por el personal calificado para evitar riesgo. Conecte la campana a la salida del aire de aspiración mediante un ducto de 120 mm de diámetro como mínimo. El recorrido del tubo debe ser lo más corto posible.Para estos artículos el plazo de entrega es de 4 a 8 semanas.",30699.0,19340.37,hogar,linea-blanca,campanas-cocina
241c1e93-1f7e-4941-b625-8aaf1b74d8d1,https://www.elpalaciodehierro.com/kitchenaid-cava-de-vinos-kuwr214ksb-para-46-botellas-42176789.html?cid=10800306,KitchenAid,Cava de vinos KUWR214KSB para 46 botellas,Meses Sin Intereses,"Cava de vinos KitchenAid KUWR214KSB con capacidad de hasta 46 botellas; Disfruta de tus bebidas preferidas con esta cava de vino con capacidad de almacenar hasta 46 botellas estándar. Su diseño cuenta racks frontales de madera para mejor organización. Dos zonas de temperatura controlada que permiten separar los vinos tintos y los blancos para almacenar cada uno a la temperatura adecuada. Cuenta con iluminación MOTION LED que se activa por movimiento y se enciende a medida que te acercas, facilitando una mejor visualización del interior. Practicidad para una instalación completamente empotrada con bisagras ocultas brinda un aspecto integrado dentro de los gabinetes.",107716.0,73246.88,hogar,linea-blanca,cavas-de-vino
5e168c89-8ea0-4b4b-9984-7300f2f3b6bb,https://www.elpalaciodehierro.com/mabe-secadora-a-gas-lp-24-kg-carga-frontal-smg17r8msdab0-diamond-gray-37509193.html?cid=10800308,Mabe,"Secadora a Gas LP, 24 Kg, Carga Frontal, SMG17R8MSDAB0, Diamond Gray",Meses Sin Intereses,"Secadora de Gas LP Mabe SMG17R8MSDAB0, Carga Frontal, 24 Kg, Diamond Gray; 4 niveles de temperatura, secado por tiempo (de 10 a 90 min), 10 ciclos de secado (ropa casual, algodones, delicados, sanitizado, prendas voluminosas, sábanas, carga variada, secado express, jeans, calentar, esponjado), funciones adicionales (Inicio programado, desarrugado, alerta de humedad, bloqueo de controles, mi ciclo).• Seguro para niños: Sí.• Tipo de ciclos de Secado: Automáticos.• Número de ciclos de Secado: 43 Configuraciones de secado.• Tecnología de Secado: Energy Saver.• Garantía del Fabricante: 1 Año.",22999.0,11269.51,hogar,linea-blanca,secadoras
640d71f8-4abf-43f8-bc5d-a1b089199ee8,https://www.elpalaciodehierro.com/lg-centro-de-lavado-washtower-gas-natural-convertible-a-gas-lp-carga-frontal-22kg-wk22bs6-41641867.html?cid=1080030701,Lg,"Centro de lavado WashTower, Gas Natural convertible a Gas LP, Carga Frontal 22Kg WK22BS6",Meses Sin Intereses,"Centro de lavado LG WashTower Gas Natural convertible a Gas LP de carga frontal 22 Kg; el centro de lavado tipo torre es la primera lavadora y secadora integrada que ofrece la solución perfecta a lo que necesitas: diseño exclusivo para optimizar espacio, funciones inteligentes y personalización con AI DD + conectividad y lavado perfecto con mayor cuidado y desinfección de la ropa. Tiene capacidad de 22 kilos de lavado y 22 kilos de secado (a Gas), cuenta con diseño único de una sola torre, con tecnología AI DD (Motor LG Direct Drive con Inteligencia Artificial) que no solo detecta el peso de la ropa, además, detecta las características de los tejidos y suavidad de las telas, para determinar de forma automática el patrón de lavado óptimo para las prendas. Cuenta con AI Dry, Smart Learner y Smart Pairing para un lavado personalizado. Tiene Motor Inverter Direct Drive con 10 años de garantía y conectividad Wi-Fi con LG ThinQ para control y monitoreo por medio del celular.Los artículos adicionales que se muestran en las imágenes se venden por separado.",75999.0,39519.48,hogar,linea-blanca,lavadoras
bb732858-c54a-4035-8b94-8096b6eca9d5,https://www.elpalaciodehierro.com/lg-refrigerador-door-in-door-788-l-instaview-vs27bxqp-plata-41956476.html?cid=10800301,Lg,Refrigerador Door-in-Door 788 L InstaView VS27BXQP Plata,Meses Sin Intereses,"Refrigerador Door-in-Door LG InstaView 788 L Plata; Mantendrá tus alimentos siempre frescos por más tiempo gracias a sus innovadoras características, cuenta con un elegante panel de cristal efecto espejo que se ilumina con 2 pequeños golpes, permitiendo mirar el interior del compartimento de fácil acceso sin tener que abrir la puerta. La puerta Door-in-Door permite que se reduzca la pérdida de aire frío manteniendo tus alimentos frescos por más tiempo. Gracias a la distribución de aire frío de Multi Air Flow proporciona enfriamiento rápido, uniforme y constante para conservar los alimentos en la temperatura ideal. La tecnología de su Compresor LG Linear Inverter, garantiza mayor ahorro, eficiencia energética. Además, gracias a la conectividad LGThinQ es posible controlar funciones de forma remota con la aplicación ThinQ y hacer un diagnóstico de tu refrigerador desde tu Smartphone aun estando lejos de casa.• Despachador de Agua: No.• Tecnología del Refrigerador: Multi Air Flow.",43999.0,25959.41,hogar,linea-blanca,refrigeradores
f2c03621-a5e7-4d7e-9283-ae6e4f5b92b2,https://www.elpalaciodehierro.com/duarteeco-caja-chica-baby-de-carton-41734230.html?cid=10801702,Duartee&Co,Caja chica Baby de cartón,Meses Sin Intereses,Caja Duartee&Co Baby chica cuadrada elaborada en cartón color rosa con broche metálico para cofre a contraste.,1999.0,1499.25,hogar,cuarto-infantil,decoracion-cuartos-para-ninos
0065d020-8f1a-4d92-b572-7a42a2f5665e,https://www.elpalaciodehierro.com/smeg-batidora-de-pedestal-blanca-40489317.html?cid=10800401,Smeg,Batidora de Pedestal blanca,Meses Sin Intereses,Batidora de pedestal Smeg elaborada en aluminio color blanco; Control de velocidad: electrónico. Tipo de motor: movimiento directo. Bloqueo de seguridad cuando la cabeza está inclinada hacia arriba. Protección contra sobrecarga del motor. Modo de inclinación de cabeza: botón. Puerto de accesorios para opcionales: frontal. Asa del tazón. Pies antideslizantes. Cable integrado.,15650.0,10955.0,hogar,electrodomesticos,batidoras
009dece3-70e4-4838-ba59-d589b3af854e,https://www.elpalaciodehierro.com/cuisinart-wafflera-electrica-1-porcion-17541147.html?cid=10800410,Cuisinart,Wafflera Eléctrica 1 Porción,Meses Sin Intereses,"Wafflera Eléctrica Cuisinart 1 Porción; ¡Haz deliciosos, rápidos y fáciles waffles! Tome el control de tu desayuno con cinco ajustes de dorado y luces indicadoras rojas y verdes que le permiten saber cuándo está listo para hornear y listo para comer. ¡Waffles maravillosos todo el tiempo! Características: Fácil y rápido de usar. Control de tostado de cinco niveles. Luces indicadoras rojas y verdes “listas para hornear/listas para comer”. Placas de hornear 100% antiadherentes. ¡Nada se le pega! Carcasa de acero inoxidable cepillado. No necesita mantequilla ni aceite. Incluye recetario.",1149.0,689.4,hogar,electrodomesticos,sandwicheras
0233d366-d706-4a98-96e4-b76abdf37550,https://www.elpalaciodehierro.com/dyson-aspiradora-v8-absolute-plata-43133915.html?cid=10800411,Dyson,Aspiradora V8 Absolute Plata,Meses Sin Intereses,"Aspiradora Dyson V8 Absolute Plata; La aspiradora sin cable Dyson V8 Absolute es ligera y versátil para todo tipo de pisos. Cambia entre dos modos de energía mientras limpias para obtener el equilibrio adecuado de energía y tiempo de funcionamiento donde lo necesites. El sistema de filtración totalmente sellado atrapa 99.97% de partículas tan pequeñas como 0.3 micras. El mecanismo de eyección higiénico elimina la suciedad y el polvo en una sola acción, por lo que no es necesario que lo toque.",14999.0,11999.2,hogar,electrodomesticos,aspiradoras
12a6c8b7-5e56-4c49-ada1-788467ae56dd,https://www.elpalaciodehierro.com/hamilton-beach-licuadora-digital-58770-10-velocidades-acero-inoxidable-43168640.html?cid=10800404,Hamilton Beach,"Licuadora digital, 58770, 10 velocidades, acero inoxidable",Meses Sin Intereses,"Licuadora digital Hamilton Beach 58770, 10 velocidades, acero inoxidable; Nueva licuadora digital de grado comercial Hamilton Beach Professional. Incluye 3 jarras cuadradas de acero inoxidable para mayor versatilidad y resultados profesionales en casa. Prepara fácilmente bebidas, jugos, salsas, purés, sopas calientes, moles, tritura chiles y muele granos para hacer harinas con su poderoso motor de 2.2 HP. Avanzada tecnología con control infinito de velocidades y 13 programas preestablecidos. 5 años de garantía limitada.Avanzada tecnología electrónica: 13 programas preestablecidos y control de velocidad infinito.Tapas de Tritan irrompibles, a prueba de fugas.Jarras cuadradas de acero inoxidable en tres tamaños: 0.5, 1 y 1.5 litros para un desempeño profesional superior.Funciones especiales: Incluye 3 jarras cuadradas de acero inoxidable, panel digital y motor de 2.2 HP.",6999.0,4899.3,hogar,electrodomesticos,licuadoras
7f397cc4-39f9-4ef9-bc90-3be4c1e4ce6a,https://www.elpalaciodehierro.com/rowenta-central-de-vapor-ixeo-1l-42238324.html?cid=10800413,Rowenta,Central de vapor Ixeo 1L,Meses Sin Intereses,Central de vapor Rowenta Ixeo 1 Litro; Solución todo en uno para el cuidado de la prenda: plancha + vaporizador con una tabla patentada de 3 posiciones para el cuidado ergonómico de la ropa. Más ergonómico: la tecnología Smart Board con inclinación ergonómica patentada ayuda a prevenir el dolor de espalda. Refresca y desinfecta: potente vapor mata hasta 99. 9% de las bacterias que causan olor en la ropa y tela.,7999.0,5999.25,hogar,electrodomesticos,central-de-vapor
98e18145-702f-4ef3-a31c-f5478f1a5a56,https://www.elpalaciodehierro.com/cuisinart-extractor-de-jugo-slow-juicer-42539757.html?cid=10800403,Cuisinart,Extractor de Jugo Slow Juicer,Meses Sin Intereses,"Extractor de jugo Cuisinart Slow Juicer; Elaborar una amplia gama de jugos frescos, saludables y caseros es fácil con el Easy Clean Slow Juicer de Cuisinart. Diseñado para presionar y triturar con fuerza frutas y verduras para obtener la máxima extracción de jugo. La prensa produce menor calor para retener todo el sabor y los nutrientes de los alimentos. Este producto ultra versátil le permite crear una variedad infinita de opciones de bebidas nutritivas y deliciosas, desde jugos exprimidos hasta leches alternativas, tónicos refrescantes y spritzer. El filtro sin malla se limpia fácilmente y el potente motor funciona con una eficiencia silenciosa.",4849.0,3394.3,hogar,electrodomesticos,extractores-jugo
9a24e4ec-c13f-4bb9-a34a-923f95c24997,https://www.elpalaciodehierro.com/cuisinart-horno-tostador-digital-air-fri-0.6p3-41275744.html?cid=10800408,Cuisinart,Horno Tostador Digital Air Fri 0.6p3,Meses Sin Intereses,"Horno Tostador Digital Cuisinart Air Fri 0.6p3; cuenta con opciones de programación intuitivas, la selección de pre ajustes, temperatura, tiempo y función. Funciones: hornear, tostar, asar, pizza, calentar, cocción lenta, deshidratar, freír sin aceite, descongelar. Interior con antiadherente para una fácil limpieza.",5999.0,4199.3,hogar,electrodomesticos,tostadoras-de-pan
bd6c1516-0edc-46a9-8dd5-76c7facc1b9a,https://www.elpalaciodehierro.com/kitchenaid-picador-de-alimentos-39790966.html?cid=10800405,KitchenAid,Picador de Alimentos,Meses Sin Intereses,"Picador de Alimentos KitchenAid; dale un toque de brillo a tu cocina con el Picador de Alimentos KitchenAid, tiene dos velocidades que ofrecen flexibilidad de corte o puré, ideal para las verduras picadas ajo, pimientos o para hacer aderezos y salsas. Cuenta con un orificio para incorporar ingredientes adicionales, ubicado en la parte superior de la unidad. Es compacto, conveniente e inteligente.",2099.0,1259.4,hogar,electrodomesticos,procesadores-alimentos
c4eedb0a-00f6-4843-b1bd-8a2212cd5874,https://www.elpalaciodehierro.com/nespresso-combo-cafetera-citiz-platinum-y-aeroccino-4-plateado-43196961.html?cid=10800402,Nespresso,Combo Cafetera Citiz Platinum y Aeroccino 4 Plateado,Meses Sin Intereses,"Combo Cafetera Nespresso Citiz Platinum y Aeroccino 4 Plateado; El combo Citiz Platinum con Aeroccino 4 tiene un toque atemporal de elegancia retro-moderna y agrega un toque de clase a la experiencia del café. Citiz Platinum tiene cinco botones que te permiten preparar diferentes opciones de café, desde Espressos hasta Americanos, así como extracción de agua caliente y un modo ecológico después de dos minutos. Para mejorar el mantenimiento, cuenta con una alerta de descalcificación, que te hace saber cuando la máquina necesita limpieza. El Aeroccino 4, con sus dos tipos de espuma caliente, su leche caliente y su espuma fría, ofrece la posibilidad de preparar en casa una mayor variedad de recetas de café con leche fácilmente.",4890.0,4156.5,hogar,electrodomesticos,cafeteras
e77cf3ce-0b2d-4465-ad7a-313ccc9848c4,https://www.elpalaciodehierro.com/oster-plancha-generador-de-vapor-con-suela-de-ceramica-blanca-41683213.html?cid=10800412,Oster,Plancha Generador de Vapor con suela de Cerámica Blanca,Meses Sin Intereses,"Plancha Oster Generador de Vapor con suela de Cerámica color blanco; permite tener una central de vapor y una plancha en un solo producto, 230 vapor en gr/min. Capacidad interna de agua de 1.7 L. Cable (bidireccional, 360° y flexible).",3799.0,2659.3,hogar,electrodomesticos,planchas-de-vapor
fc94b897-6752-4b30-9e11-1b0c820d60d5,https://www.elpalaciodehierro.com/samsung-horno-de-microondas-1.1-pies-ame8114st%2Fxax-negro-38342794.html?cid=10800409,Samsung,Horno de Microondas 1.1 pies AME8114ST/XAX Negro,Meses Sin Intereses,"Horno de Microondas Samsung 1.1 pies Negro; devuelve la frescura a tus alimentos congelados. Con Rapid Defrost tu comida recupera la frescura original a través de un descongelado rápido y uniforme. Cuenta con seguros especiales cuidan a toda tu familia de quemaduras accidentales. Tiene un recubrimiento interior de cerámica que es fácil de limpiar, no se raya ni decolora con el tiempo, además de ofrecerte una protección antibacterial hasta del 99.9%.• Acabado: Acero inoxidable.• Panel de Control: Panel táctil digital.",4299.0,2579.4,hogar,electrodomesticos,horno-microondas
0dc97611-f61e-4e29-a77b-9649bf27d3d1,https://www.elpalaciodehierro.com/lg-aire-acondicionado-minisplit-dualcool-inverter-vm182c9-18000-btu-h-1.5-toneladas-220v-solo-frio-40785899.html?cid=10800502,Lg,"Aire Acondicionado Minisplit DUALCOOL Inverter VM182C9 18,000 BTU-h 1.5 Toneladas 220V Solo Frío",Meses Sin Intereses,"Aire Acondicionado Minisplit LG DUALCOOL Inverter 18000 BTU'S color blanco; Cuenta con conectividad Wi-Fi, inteligencia artificial y funciona con asistente de Google. Bajo consumo de energía y enfriamiento rápido. Disfruta de su potente motor en tu habitación, sala, cocina o cualquier otro espacio que busques refrescar. Microfiltro que captura y elimina micropartículas de polvo. Para asegurar tu inversión, LG proporciona 10 años de garantía en su Compresor Dual Inverter.• Tecnología: Dual Inverter.• Temporizador Programable: Sí.• Garantía del Fabricante: 10 Años en compresor.",25499.0,15044.41,hogar,clima-y-ventilacion,minisplit
1de5e0f6-b2a5-4e09-ba55-b330fd1aafbe,https://www.elpalaciodehierro.com/lg-aire-acondicionado-portatil-inverter-lp1419ivsm-14000-btu%E2%80%99s-1-tonelada-115v-solo-frio-42341583.html?cid=10800501,Lg,"Aire Acondicionado Portátil Inverter LP1419IVSM 14,000 BTU’s, 1 Tonelada 115V Sólo Frío",Meses Sin Intereses,"Aire Acondicionado Portátil LG Inverter LP1419IVSM 14,000 BTU’s; Disfruta del Aire Acondicionado Portátil LG Inverter que proporciona una potente refrigeración 14,000 BTU/h con su compresor Dual Inverter, colócalo donde desees, ya que se puede desplazar fácilmente al contar con ruedas giratorias. Puedes tener hasta 3 equipos en 1: Aire Acondicionado, Ventilador y Deshumidificador. Opera con un funcionamiento silencioso a niveles de sonido tan bajos como 44dB (en modo hibernación), eliminando el ruido innecesario para una operación suave que apenas notarás. Tecnología: Dual Inverter. Temporizador Programable: Sí.",20999.0,13229.37,hogar,clima-y-ventilacion,aires-acondicionados
7b5adba3-0ac4-4314-aab8-6abfd9bc2b52,https://www.elpalaciodehierro.com/mabe-calentador-de-agua-instantaneo-a-gas-natural-cim142sna-14-l-43089519.html?cid=10800503,Mabe,Calentador de agua instantáneo a Gas Natural CIM142SNA 14 L,Meses Sin Intereses,"Calentador de agua instantáneo a Gas Natural Mabe CIM142SNA 14 L; Alta eficiencia que ahorra hasta el 70% de gas porque no cuenta con piloto. Respaldo para calentadores solares sin requerir de componentes adicionales, ya que puede censar el paso del agua que viene del calentador solar para asegurar el agua caliente. Requiere 2 baterías tipo D para su funcionamiento. Conexión USB alterna, amigable con el medio ambiente (no incluye baterías ni cable USB).",6699.0,4220.37,hogar,clima-y-ventilacion,calefactores
535d0ff3-72a3-4f84-8397-89d4c0ab38a9,https://www.elpalaciodehierro.com/eko-bote-de-basura-con-sensor-de-movimiento-en-acero-inoxidable-plateado-42921721.html?cid=10801003,Eko,Bote de basura con sensor de movimiento en acero inoxidable plateado,Meses Sin Intereses,Bote de basura EKO con sensor de movimiento elaborado en acero inoxidable de color plateado con diseño liso y tapas retráctiles a contraste.,3990.0,2992.5,hogar,organizacion-limpieza,limpieza
637e5f6b-3f59-4b7c-a295-9d11199fdf1d,https://www.elpalaciodehierro.com/duarteeco-caja-decorativa-en-carton-37476026.html?cid=10801002,Duartee&Co,Caja Decorativa en cartón,Meses Sin Intereses,Caja decorativa Duartee&Co elaborada en material sintético color azul con forma cuadrada asa suave y tapa.,790.0,553.0,hogar,organizacion-limpieza,cajas-y-contenedores
6a257b87-29c5-4495-b2c7-37a2cc215c04,https://www.elpalaciodehierro.com/andrea-house-cesto-para-ropa-en-alga-marina-40646943.html?cid=10801006,Andrea House,Cesto para Ropa en alga marina,Meses Sin Intereses,"Cesto para ropa Andrea House elaborado en alga marina, tapa con asa, forro de tela interior de algodón, de forma redonda acampanada, un poco más estrecha por la base y más ancha hacia la parte superior, para facilitar el vaciado. Dispone de dos hendiduras en los laterales, a modo de asa, para facilitar su transporte y poder llevarlo cómodamente hasta la lavadora. El alga marina es un material natural que combina con cualquier estilo y aporta al cuarto de baño un aspecto cálido y acogedor.",3990.0,2394.0,hogar,organizacion-limpieza,cestos-para-ropa
72562a74-f5e8-4589-9701-cbd8dc9a2f68,https://www.elpalaciodehierro.com/mobital-estanteria-etta-en-hierro-43046327.html?cid=10801005,Mobital,Estantería ETTA en Hierro,Meses Sin Intereses,"Estantería Mobital de la colección ETTA elaborada en hierro color negro; está hecha a mano con elegantes tubos verticales delgados y estantes de lámina. Las aberturas únicas permiten exhibiciones interesantes de sus objetos de arte favoritos, vajilla, un bar completamente surtido, libros de todos los tamaños e incluso lo más práctico, ¡plantas de interior!",41599.0,33279.2,hogar,organizacion-limpieza,estantes
81808144-fac9-40c6-9175-442aceaacfe2,https://www.elpalaciodehierro.com/professional-gourmet-escurridor-de-platos-de-2-niveles-en-aluminio-41763257.html?cid=10801008,Professional Gourmet,Escurridor de Platos de 2 Niveles en Aluminio,Meses Sin Intereses,Escurridor de platos Professional Gourmet elaborado en aluminio; cuenta con dos niveles y porta cuchillos de madera.,2950.0,2212.5,hogar,organizacion-limpieza,cocina
90a22b62-6275-413d-abe3-fb67905966bc,https://www.elpalaciodehierro.com/zense-organizador-con-repisas-mykonos-en-bambu-42906301.html?cid=10801007,Zense,Organizador con Repisas Mykonos en bambú,Meses Sin Intereses,"Organizador con Repisas Zense Mykonos elaborado en bambú. Coloca plantas, libros, revistas, accesorios de cocina, accesorios de baño, todo lo que desees. Con su práctico diseño y tamaño, podrás colocarlo en un sinfín de espacios.",1699.0,1359.2,hogar,organizacion-limpieza,organizadores
9bb84f4a-1066-426f-9f86-b722598bdfa2,https://www.elpalaciodehierro.com/rolser-taburete-en-aluminio-40330789.html?cid=10801004,Rolser,Taburete en aluminio,Meses Sin Intereses,Taburete Rolser elaborado en aluminio color negro con detalle en relieve en parte superior y cuatro patas a contraste.,1150.0,805.0,hogar,organizacion-limpieza,escaleras
